Date and Time,Proverb
2024-06-13 15:24:11,HI I AM TEXTING THIS FOR A MULTI LINE SOLUTON JUSTI N CHAR IS BRAEKS
2024-06-13 15:25:30,HI I AM TEXTING THIS FOR A MULTI LINE SOLUTON JUSTI N CHAR IS BRAEKS
2024-06-13 15:26:02,HI I AM TEXTING THIS FOR A MULTI LINE SOLUTON JUSTI N CHAR IS BRAEKS
2024-06-13 15:26:35,HI I AM TEXTING THIS FOR A MULTI LINE SOLUTON JUSTI N CHAR IS BRAEKS
2024-06-13 15:26:46,HI I AM TEXTING THIS FOR A MULTI LINE SOLUTON JUSTI N CHAR IS BRAEKS
2024-06-13 15:31:36,HI I AM TEXTING THIS FOR A MULTI LINE SOLUTON JUSTI N CHAR IS BRAEKS
2024-06-13 15:43:57,HI I AM TEXTING THIS FOR A MULTI LINE SOLUTON JUSTI N CHAR IS BRAEKS
2024-06-13 15:44:11,HI I AM TEXTING THIS FOR A MULTI LINE SOLUTON JUSTI N CHAR IS BRAEKS
2024-06-13 15:44:48,HI I AM TEXTING THIS FOR A MULTI LINE SOLUTON JUSTI N CHAR IS BRAEKS
2024-06-13 15:45:21,HI I AM TEXTING THIS FOR A MULTI LINE SOLUTON JUSTI N CHAR IS BRAEKS
2024-06-13 15:45:35,HI I AM TEXTING THIS FOR A MULTI LINE SOLUTON JUSTI N CHAR IS BRAEKS
2024-06-13 15:46:13,HI I AM TEXTING THIS FOR A MULTI LINE SOLUTON JUSTI N CHAR IS BRAEKS
2024-06-13 15:46:54,HI I AM TEXTING THIS FOR A MULTI LINE SOLUTON JUSTI N CHAR IS BRAEKS
2024-06-13 15:47:13,HI I AM TEXTING THIS FOR A MULTI LINE SOLUTON JUSTI N CHAR IS BRAEKS
2024-06-13 16:14:58,HI I AM TEXTING THIS FOR A MULTI LINE SOLUTON JUSTI N CHAR IS BRAEKS
2024-06-13 16:15:23,HI I AM TEXTING THIS FOR A MULTI LINE SOLUTON JUSTI N CHAR IS BRAEKS
2024-06-13 16:15:35,HI I AM TEXTING THIS FOR A MULTI LINE SOLUTON JUSTI N CHAR IS BRAEKS
2024-06-13 16:16:04,HI I AM TEXTING THIS FOR A MULTI LINE SOLUTON JUSTI N CHAR IS BRAEKS
2024-06-13 16:17:08,HI I AM TEXTING THIS FOR A MULTI LINE SOLUTON JUSTI N CHAR IS BRAEKS
2024-06-13 16:17:18,HI I AM TEXTING THIS FOR A MULTI LINE SOLUTON JUSTI N CHAR IS BRAEKS
2024-06-13 16:21:01,HI I AM TEXTING THIS FOR A MULTI LINE SOLUTON JUSTI N CHAR IS BRAEKS
2024-06-13 16:21:09,HI I AM TEXTING THIS FOR A MULTI LINE SOLUTON JUSTI N CHAR IS BRAEKS
2024-06-13 16:21:19,HI I AM TEXTING THIS FOR A MULTI LINE SOLUTON JUSTI N CHAR IS BRAEKS
2024-06-13 16:21:31,HI I AM TEXTING THIS FOR A MULTI LINE SOLUTON JUSTI N CHAR IS BRAEKS
2024-06-13 16:21:50,HI I AM TEXTING THIS FOR A MULTI LINE SOLUTON JUSTI N CHAR IS BRAEKS
2024-06-13 16:21:55,HI I AM TEXTING THIS FOR A MULTI LINE SOLUTON JUSTI N CHAR IS BRAEKS
2024-06-13 16:22:37,HI I AM TEXTING THIS FOR A MULTI LINE SOLUTON JUSTI N CHAR IS BRAEKS
2024-06-13 16:22:49,HI I AM TEXTING THIS FOR A MULTI LINE SOLUTON JUSTI N CHAR IS BRAEKS
2024-06-13 16:23:32,HI I AM TEXTING THIS FOR A MULTI LINE SOLUTON JUSTI N CHAR IS BRAEKS
2024-06-13 16:24:12,HI I AM TEXTING THIS FOR A MULTIS
2024-06-13 16:24:30,HI I AM TEXTING THIS FO
2024-06-13 16:24:36,HI I AM TEXTING THIS
2024-06-13 16:25:23,HI I AM TEXTING THIS
2024-06-13 16:42:46,HI I AM TEXTING THIS
2024-06-13 16:44:17,HI I AM TEXTING THIS
2024-06-13 16:44:51,HI I AM TEXTING THIS
2024-06-13 16:45:52,HI I AM TEXTING THIS
2024-06-13 16:46:43,HI I AM TEXTING THIS
2024-06-13 16:47:59,HI I AM TEXTING THIS
2024-06-13 16:48:12,HI I AM TEXTING THIS
2024-06-13 16:48:22,HI I AM TEXTING THIS
2024-06-13 16:48:37,HI I AM TEXTING THIS
2024-06-13 16:48:47,HI I AM TEXTING THIS
2024-06-13 16:49:09,HI I AM TEXTING THIS
2024-06-13 16:49:26,HI I AM TEXTING THIS
2024-06-13 16:49:36,HI I AM TEXTING THIS
2024-06-13 16:50:21,HI I AM TEXTING THIS
2024-06-13 17:04:34,HI I AM TEXTING THIS
2024-06-13 17:08:32,HI I AM TEXTING THIS
2024-06-13 17:08:51,HI I AM TEXTING THIS
2024-06-13 17:09:04,HI I AM TEXTING THIS
2024-06-13 17:09:27,HI I AM TEXTING THIS
2024-06-13 17:09:54,HI I AM TEXTING THIS
2024-06-13 17:10:29,HI I AM TEXTING THIS
2024-06-13 17:10:44,HI I AM TEXTING THIS
2024-06-13 17:10:58,HI I AM TEXTING THIS
2024-06-13 17:11:38,HI I AM TEXTING THIS
2024-06-13 17:12:31,HI I AM TEXTING THIS
2024-06-13 17:13:12,HI I AM TEXTING THIS
2024-06-13 17:13:31,HI I AM TEXTING THIS
2024-06-13 17:13:53,HI I AM TEXTING THIS
2024-06-13 17:14:35,HI I AM TEXTING THIS
2024-06-13 17:14:56,HI I AM TEXTING THIS
2024-06-13 17:15:21,HI I AM TEXTING THIS
2024-06-13 17:29:25,HI I AM TEXTING THIS
2024-06-13 17:29:42,HI I AM TEXTING THIS
2024-06-13 17:30:24,HI I AM TEXTING THIS
2024-06-13 17:30:53,HI I AM TEXTING THIS
2024-06-13 17:31:48,HI I AM TEXTING THIS
2024-06-13 17:33:00,HI I AM TEXTING THIS
2024-06-13 17:33:38,HI I AM TEXTING THIS
2024-06-13 17:34:09,HI I AM TEXTING THIS
2024-06-13 17:34:55,HI I AM TEXTING THIS
2024-06-13 17:37:52,HI I AM TEXTING THIS
2024-06-13 17:38:13,HI I AM TEXTING THIS
2024-06-13 17:39:43,HI I AM TEXTING THIS
2024-06-13 17:39:56,HI I AM TEXTING THIS
2024-06-13 17:40:00,HI I AM TEXTING THIS
2024-06-13 17:40:30,HI I AM TEXTING THIS
2024-06-13 17:41:40,HI I AM TEXTING THIS
2024-06-13 17:42:42,HI I AM TEXTING THIS
2024-06-13 17:44:29,HI I AM TEXTING THIS
2024-06-13 17:44:54,HI I AM TEXTING THIS
2024-06-13 17:45:28,HI I AM TEXTING THIS
2024-06-13 17:46:56,HI I AM TEXTING THIS
2024-06-13 17:47:16,HI I AM TEXTING THIS
2024-06-13 18:56:00,HI I AM TEXTING THIS
2024-06-13 18:58:45,HI I AM TEXTING THIS
2024-06-13 18:59:42,HI I AM TEXTING THIS
2024-06-13 19:00:53,HI I AM TEXTING THIS
2024-06-13 19:01:10,HI I AM TEXTING THIS
2024-06-13 19:03:07,HI I AM TEXTING THIS
2024-06-13 19:03:38,HI I AM TEXTING THIS
